{
	"package": "LeafEdit",
	"info": {
		"title": "LeafEdit",
		"author": "universal-team",
		"category": "tool",
		"version": "v0.2.1",
		"url": "https://universal-team.github.io/projects/leafedit",
		"license": "none",
		"description": "ACNL Sabe editor",
		"details": "Work in progress Animal Crossing: New Leaf save manager & editor for the Nintendo 3DS!",
		"binary": "/cias/LeafEdit.cia"
	},
	"changelog": "v0.2.1",
	"assets": [
		{
			"url": "https://github.com/Universal-Team/LeafEdit/releases/download/v0.2.1/LeafEdit.cia",
		    "dest": "/cias/LeafEdit.cia",
			"type": "update"
		},
		{
			"url": "icon.png",
			"type": "icon"
		},
		{
			"url": "screen.png",
			"type": "screenshot"
		}
	]
}
