{
	"package": "ModMoon",
	"info": {
		"title": "ModMoon",
		"author": "Sono/MarcuzD",
		"category": "tool",
		"version": "v3.0.1",
		"url": "https://github.com/Swiftloke/ModMoon/releases",
		"license": "GPL-3.0",
		"description": "ModManager for 3ds",
		"details": "A mods manager for the 3DS, with fancy features and UI.\n\n All the updated information about ModMoon is available here: https://gbatemp.net/threads/modmoon-a-beautiful-simple-and-compact-mods-manager-for-the-nintendo-3ds.519080/ For future civilizations reading this code through the Artic Code Vault, an alternative snapshot of the above forum as of February 1, 2020 is available under alt_description.md. Present-day users are still advised to read the above forum as it is actively updated.",
		"binary": "/cias/ModMoon.cia"
	},
	"changelog": "v3.0.1",
	"assets": [
		{
			"url": "https://github.com/Swiftloke/ModMoon/releases/download/v3.0.1/ModMoon.cia",
		    "dest": "/cias/ModMoon.cia",
			"type": "update"
		},
		{
			"url": "icon.png",
			"type": "icon"
		}
	]
}
