{
	"package": "ftpd",
	"info": {
		"title": "ftpd",
		"author": "mtheall",
		"category": "tool",
		"version": "v3.1.0",
		"url": "https://github.com/mtheall/ftpd/",
		"license": "none",
		"description": "FTP Server",
		"details": "FTP Server for 3DS/Switch",
		"binary": "/cias/ftpd.cia"
	},
	"changelog": "v3.1.0",
	"assets": [
		{
			"url": "https://github.com/mtheall/ftpd/releases/download/v3.1.0/ftpd.cia",
		    "dest": "/cias/ftpd.cia",
			"type": "update"
		},
		{
			"url": "icon.png",
			"type": "icon"
		},
		{
			"url": "screen.png",
			"type": "screenshot"
		}
	]
}
