{
	"package": "BootNTRSelector",
	"info": {
		"title": "BootNTRSelector",
		"author": "Nanquitas, Cell9, PabloMK7",
		"category": "none",
		"version": "v2.13.4",
		"url": "https://github.com/Nanquitas/BootNTR/releases/",
		"license": "none",
		"description": "Multy functional CFW",
		"details": "Multy Functinal CFW, generally made for Plugins (cheats, tools, mods, etc)",
		"binary": "/cias/BootNTRSelector-PabloMK7-Banner.cia"
	},
	"changelog": "v2.13.4",
	"assets": [
		{
			"url": "https://github.com/Nanquitas/BootNTR/releases/download/v2.13.4/BootNTRSelector-PabloMK7-Banner.cia",
			"dest": "/cias/BootNTRSelector-PabloMK7-Banner.cia",
			"type": "update"
		},
		{
			"url": "icon.png",
			"type": "icon"
		}
	]
}
