{
 "category": "advanced",
 "name": "3DS_Corrupter",
 "license": "none",
 "title": "NTR-CFW - 3DS Corrupter Plugin",
 "url": "https://gbatemp.net/threads/beta-ntr-3ds-corruptions-plugin.442285/",
 "author": "Shutterbug2000",
 "version": "1.0",
 "details": "Allows you to corrupt RAM of your games.   \n\nUSE:\nCopy the 'cheat.plg' in 'sd://plugin/[title id from your game]/' and press the 'D-PAD' to start the plugin",
 "description": "Allows you to dump a process",
 "updated": "2022-04-25",
 "changelog": "1.0"
}