{
	"package": "Anemone3DS",
	"info": {
		"title": "Anemone3DS",
		"author": "astronautlevel2",
		"category": "none",
		"version": "v2.2.0",
		"url": "https://github.com/astronautlevel2/Anemone3DS",
		"license": "none",
		"description": "Theme/Splash Manager",
		"details": "A theme and boot splash manager for the Nintendo 3DS console",
		"binary": "/cias/Anemone3DS.cia"
	},
	"changelog": "2.2.0",
	"assets": [
		{
			"url": "https://github.com/astronautlevel2/Anemone3DS/releases/download/v2.2.0/Anemone3DS.cia",
			"dest": "/cias/Anemone3DS.cia",
			"type": "update"
		},
		{
			"url": "icon.png",
			"type": "icon"
		},
		{
			"url": "screen.png",
			"type": "screenshot"
		}
	]
}
