{
	"package": "HzMod",
	"info": {
		"title": "HorizonModule",
		"author": "Sono/MarcuzD",
		"category": "misc",
		"version": "beta",
		"url": "https://gbatemp.net/threads/hzmod-old3ds-screen-streaming.469817/",
		"license": "none",
		"description": "o3ds screen streaming",
		"details": "HzMod (or as more widely known 'HorizonModule' or simply just 'HorizonM') is a sysmodule for the 3DS which runs in the background. By looking at the reason why this project was started, this could be a 'trying-to-be NTR clone'"
	},
	"changelog": "beta",
	"assets": [
		{
			"url": "HorizonM.cia",
		    "dest": "/cias/HorizonM.cia",
			"type": "local"
		},
		{
			"url": "HzLoad.cia",
		    "dest": "/cias/HzLoad.cia",
			"type": "local"
		},
		{
			"url": "icon.png",
			"type": "icon"
		}
	]
}
