{
 "category": "tool",
 "name": "3DShell",
 "license": "GPLv3",
 "title": "3DShell",
 "url": "https://github.com/joel16/3DShell/releases",
 "author": "joel16",
 "version": "5.1.0",
 "details": "3DShell (pronounced 3D-Shell) - is a multi-purpose file manager for the Nintendo 3DS that aims towards handling media files. Unlike FBI which specializes more in title management, 3DShell leans towards more of the file management features such as opening and managing various files types and includes the basic necessity of a standard file manager. This program's design elements are clearly inspired by CyanogenMod/LineageOS's built in file manager, and so all credits towards the design go to the CyanogenMod/LineageOS contributors.",
 "description": "3DShell - (Pronounced 3D Shell) is a multi purpose file manager for the Nintendo 3DS. Heavily inspired by the CyanogenMod/LineageOS file manager.",
 "updated": "2022-04-25",
 "changelog": "5.1.0"
}