{
	"package": "3DSBank",
	"info": {
		"title": "3DSBank",
		"author": "RocketRobz",
		"category": "tool",
		"version": "1.0",
		"url": "https://github.com/RocketRobz/3DSBank/releases/",
		"license": "GPL-3.0",
		"description": "Store more then 300 titles on your 3ds",
		"details": "Have you hit the 300 title limit on your 3DS, and/or want more than 300 titles, but don't want to make an EmuNAND (or 2nd one), or use another SD card?\n\nThe answer, is 3DSBank!\n\nWith this, you can store your Nintendo 3DS folder into a bank, and select or create another one to use, containing your other titles (and themes, and badges).",
		"binary": "/cias/3DSBank.cia"
	},
	"changelog": "1.0",
	"assets": [
		{
			"url": "https://github.com/RocketRobz/3DSBank/releases/download/v1.0/3DSBank.cia",
			"dest": "/cias/3DSBank.cia",
			"type": "update"
		},
		{
			"url": "icon.png",
			"type": "icon"
		}
	]
}
