{
	"package": "FastPlayCoin",
	"info": {
		"title": "FastPlayCoin",
		"author": "CorySanin",
		"category": "tool",
		"version": "1.0",
		"url": "FastPlayCoin",
		"license": "none",
		"description": "Set PlayCoins to 300",
		"details": "Set playcoins to 300. no options to configure",
		"binary": "/cias/FastPlayCoin.cia"
	},
	"changelog": "1.0:\\n- Initial Release",
	"assets": [
		{
			"url": "https://github.com/CorySanin/FastPlayCoin/releases/download/v1.0/FastPlayCoin.cia",
			"dest": "/cias/FastPlayCoin.cia",
			"type": "update"
		},
		{
			"url": "icon.png",
			"type": "icon"
		}
	]
}
