{
	"package": "3dstris",
	"info": {
		"title": "3dstris",
		"author": "3Dtris-Team",
		"category": "game",
		"version": "1.6.9-f4d8a52",
		"url": "https://github.com/3DStris/3DStris/releases",
		"license": "GPLv3",
		"description": "Tetris Clone",
		"details": "Tetris Clone for the 3ds",
		"binary": "/cias/3dstris-1.6.9-f4d8a52.cia"
	},
	"changelog": "1.6.7",
	"assets": [
		{
			"url": "https://github.com/3DStris/3DStris/releases/download/v1.6.9/3dstris-1.6.9-f4d8a52.cia",
			"dest": "/cias/3dstris-1.6.9-f4d8a52.cia",
			"type": "update"
		},
		{
			"url": "icon.png",
			"type": "icon"
		},
		{
			"url": "screen1.png",
			"type": "screenshot"
		},
		{
			"url": "screen2.png",
			"type": "screenshot"
		}
	]
}
