{
 "category": "advanced",
 "name": "GodMode9",
 "license": "GPLv3",
 "title": "GodMode9",
 "url": "https://github.com/d0k3/GodMode9",
 "author": "D0k3",
 "version": "v2.0.0",
 "details": "GodMode9 is just not a File Explorer with full access, it's a complete toolkit for the 3ds!\n\nWarning: This is powerful stuff don't Modify any files without knowing what your doing.\n\n The recommend way to use GodMode9 is FastBoot3DS (https://github.com/derrekr/fastboot3DS).",
 "description": "3DS File Explorer with full access",
 "updated": "2022-04-25",
 "changelog": "v2.0.0"
}