{
	"package": "Video_player_for_3DS",
	"info": {
		"title": "Video player for 3DS",
		"author": "Core 2 Extreme",
		"category": "tool",
		"version": "v1.5.0",
		"url": "https://github.com/Core-2-Extreme/Video_player_for_3DS/releases",
		"license": "none",
		"description": "Video player for 3DS",
		"details": "Video player for 3DS",
		"binary": "/cias/Video_player_for_3DS.cia"
	},
	"changelog": "v1.5.0",
	"assets": [
		{
			"url": "https://github.com/Core-2-Extreme/Video_player_for_3DS/releases/download/v1.5.0/Video_player_for_3DS.cia",
			"dest": "/cias/Video_player_for_3DS.cia",
			"type": "update"
		},
		{
			"url": "icon.png",
			"type": "icon"
		},
		{
			"url": "screen.png",
			"type": "screenshot"
		}
	]
}
